<?xml version="1.0" encoding="utf-8"?>
<extension type="plugin" version="3.8" group="system" method="upgrade">
	<name>PLG_FOO</name>
	<creationDate>[DATE]</creationDate>
	<author>[AUTHOR]</author>
	<authorEmail>[AUTHOR_EMAIL]</authorEmail>
	<authorUrl>[AUTHOR_URL]</authorUrl>
	<copyright>[COPYRIGHT]</copyright>
	<license>GNU General Public License version 2 or later; see LICENSE.txt</license>
	<version>1.0</version>
	<description>PLG_FOO_XML_DESCRIPTION</description>

	<!-- Scripts to run on installation -->
	<scriptfile></scriptfile>

	<!-- Language files -->
	<languages folder="language">
		<language tag="en-GB">en-GB/en-GB.plg_system_foo.ini</language>
		<language tag="en-GB">en-GB/en-GB.plg_system_foo.sys.ini</language>
	</languages>

	<!-- Plugin files -->
	<files>
		<filename plugin="foo">foo.php</filename>
		<folder>language</folder>
	</files>

	<!-- Config parameter -->
	<config>
		<fields name="params">
			<fieldset name="basic">
				<field
					name="sample"
					type="text"
					default="42"
					label="PLG_FOO_SAMPLE_LABEL"
					description="PLG_FOO_SAMPLE_DESCRIPTION"
				/>
			</fieldset>
		</fields>
	</config>

	<!-- Update servers -->
	<updateservers>
		<server type="extension" priority="1" name="[PROJECT_NAME]">https://www.example.com/plg_foo.xml</server>
	</updateservers>
</extension>
