<?xml version="1.0" encoding="utf-8"?>
<extension type="module" version="3.8" client="site" method="upgrade">
	<name>MOD_FOO</name>
	<creationDate>[DATE]</creationDate>
	<author>[AUTHOR]</author>
	<authorEmail>[AUTHOR_EMAIL]</authorEmail>
	<authorUrl>[AUTHOR_URL]</authorUrl>
	<copyright>[COPYRIGHT]</copyright>
	<license>GNU General Public License version 2 or later; see LICENSE.txt</license>
	<version>1.0</version>
	<description>MOD_FOO_XML_DESCRIPTION</description>

	<files>
		<filename module="mod_foo">mod_foo.php</filename>
		<folder>tmpl</folder>
		<folder>language</folder>
		<filename>mod_foo.xml</filename>
	</files>

	<!-- Update servers -->
	<updateservers>
		<server type="extension" priority="1" name="[PROJECT_NAME]">https://www.example.com/mod_foo.xml</server>
	</updateservers>

	<config>
		<fields name="params">
			<fieldset name="basic">
				<field
					name="domain"
					type="url"
					label="MOD_FOO_URL_LABEL"
					description="MOD_FOO_URL_DESCRIPTION"
					hint="https://www.example.com"
					filter="url"
					validate="url"
				/>
			</fieldset>
			<fieldset
					name="advanced">
				<field
						name="moduleclass_sfx"
						type="text"
						label="COM_MODULES_FIELD_MODULECLASS_SFX_LABEL"
						description="COM_MODULES_FIELD_MODULECLASS_SFX_DESC" />
			</fieldset>
		</fields>
	</config>
</extension>
